frame_index,timestamp (ms),is_change,delta (ms)
0,0.0000,0,0.0000
1,16.6667,0,0.0000
2,33.3333,1,33.3333
3,50.0000,0,0.0000
4,66.6667,1,33.3333
5,83.3333,0,0.0000
6,100.0000,1,33.3333
7,116.6667,0,0.0000
8,133.3333,1,33.3333
9,150.0000,0,0.0000
10,166.6667,1,33.3333
11,183.3333,0,0.0000
12,200.0000,1,33.3333
13,216.6667,0,0.0000
14,233.3333,1,33.3333
15,250.0000,0,0.0000
16,266.6667,1,33.3333
17,283.3333,0,0.0000
18,300.0000,1,33.3333
19,316.6667,0,0.0000
20,333.3333,1,33.3333
21,350.0000,0,0.0000
22,366.6667,1,33.3333
23,383.3333,0,0.0000
24,400.0000,1,33.3333
25,416.6667,0,0.0000
26,433.3333,1,33.3333
27,450.0000,0,0.0000
28,466.6667,1,33.3333
29,483.3333,0,0.0000
30,500.0000,1,33.3333
31,516.6667,0,0.0000
32,533.3333,1,33.3333
33,550.0000,0,0.0000
34,566.6667,1,33.3333
35,583.3333,0,0.0000
36,600.0000,1,33.3333
37,616.6667,0,0.0000
38,633.3333,1,33.3333
39,650.0000,0,0.0000
40,666.6667,1,33.3333
41,683.3333,0,0.0000
42,700.0000,1,33.3333
43,716.6667,0,0.0000
44,733.3333,1,33.3333
45,750.0000,0,0.0000
46,766.6667,1,33.3333
47,783.3333,0,0.0000
48,800.0000,1,33.3333
49,816.6667,0,0.0000
50,833.3333,1,33.3333
51,850.0000,0,0.0000
52,866.6667,1,33.3333
53,883.3333,0,0.0000
54,900.0000,1,33.3333
55,916.6667,0,0.0000
56,933.3333,1,33.3333
57,950.0000,0,0.0000
58,966.6667,1,33.3333
59,983.3333,0,0.0000
60,1000.0000,1,33.3333
61,1016.6667,0,0.0000
62,1033.3333,1,33.3333
63,1050.0000,0,0.0000
64,1066.6667,1,33.3333
65,1083.3333,0,0.0000
66,1100.0000,1,33.3333
67,1116.6667,0,0.0000
68,1133.3333,1,33.3333
69,1150.0000,0,0.0000
70,1166.6667,1,33.3333
71,1183.3333,0,0.0000
72,1200.0000,1,33.3333
73,1216.6667,0,0.0000
74,1233.3333,1,33.3333
75,1250.0000,0,0.0000
76,1266.6667,1,33.3333
77,1283.3333,0,0.0000
78,1300.0000,1,33.3333
79,1316.6667,0,0.0000
80,1333.3333,1,33.3333
81,1350.0000,0,0.0000
82,1366.6667,1,33.3333
83,1383.3333,0,0.0000
84,1400.0000,1,33.3333
85,1416.6667,0,0.0000
86,1433.3333,1,33.3333
87,1450.0000,0,0.0000
88,1466.6667,1,33.3333
89,1483.3333,0,0.0000
90,1500.0000,1,33.3333
91,1516.6667,0,0.0000
92,1533.3333,1,33.3333
93,1550.0000,0,0.0000
94,1566.6667,1,33.3333
95,1583.3333,0,0.0000
96,1600.0000,1,33.3333
97,1616.6667,0,0.0000
98,1633.3333,1,33.3333
99,1650.0000,0,0.0000
100,1666.6667,1,33.3333
101,1683.3333,0,0.0000
102,1700.0000,1,33.3333
103,1716.6667,0,0.0000
104,1733.3333,1,33.3333
105,1750.0000,0,0.0000
106,1766.6667,1,33.3333
107,1783.3333,0,0.0000
108,1800.0000,1,33.3333
109,1816.6667,0,0.0000
110,1833.3333,1,33.3333
111,1850.0000,0,0.0000
112,1866.6667,1,33.3333
113,1883.3333,0,0.0000
114,1900.0000,1,33.3333
115,1916.6667,0,0.0000
116,1933.3333,1,33.3333
117,1950.0000,0,0.0000
118,1966.6667,1,33.3333
119,1983.3333,0,0.0000
120,2000.0000,1,33.3333
121,2016.6667,0,0.0000
122,2033.3333,1,33.3333
123,2050.0000,0,0.0000
124,2066.6667,1,33.3333
125,2083.3333,0,0.0000
126,2100.0000,1,33.3333
127,2116.6667,0,0.0000
128,2133.3333,1,33.3333
129,2150.0000,0,0.0000
130,2166.6667,1,33.3333
131,2183.3333,0,0.0000
132,2200.0000,1,33.3333
133,2216.6667,0,0.0000
134,2233.3333,1,33.3333
135,2250.0000,0,0.0000
136,2266.6667,1,33.3333
137,2283.3333,0,0.0000
138,2300.0000,1,33.3333
139,2316.6667,0,0.0000
140,2333.3333,1,33.3333
141,2350.0000,0,0.0000
142,2366.6667,1,33.3333
143,2383.3333,0,0.0000
144,2400.0000,1,33.3333
145,2416.6667,0,0.0000
146,2433.3333,1,33.3333
147,2450.0000,0,0.0000
148,2466.6667,1,33.3333
149,2483.3333,0,0.0000
150,2500.0000,1,33.3333
151,2516.6667,0,0.0000
152,2533.3333,1,33.3333
153,2550.0000,0,0.0000
154,2566.6667,1,33.3333
155,2583.3333,0,0.0000
156,2600.0000,1,33.3333
157,2616.6667,0,0.0000
158,2633.3333,1,33.3333
159,2650.0000,0,0.0000
160,2666.6667,1,33.3333
161,2683.3333,0,0.0000
162,2700.0000,1,33.3333
163,2716.6667,0,0.0000
164,2733.3333,1,33.3333
165,2750.0000,0,0.0000
166,2766.6667,1,33.3333
167,2783.3333,0,0.0000
168,2800.0000,1,33.3333
169,2816.6667,0,0.0000
170,2833.3333,1,33.3333
171,2850.0000,0,0.0000
172,2866.6667,1,33.3333
173,2883.3333,0,0.0000
174,2900.0000,1,33.3333
175,2916.6667,0,0.0000
176,2933.3333,1,33.3333
177,2950.0000,0,0.0000
178,2966.6667,1,33.3333
179,2983.3333,0,0.0000
180,3000.0000,1,33.3333
181,3016.6667,0,0.0000
182,3033.3333,1,33.3333
183,3050.0000,0,0.0000
184,3066.6667,1,33.3333
185,3083.3333,0,0.0000
186,3100.0000,1,33.3333
187,3116.6667,0,0.0000
188,3133.3333,1,33.3333
189,3150.0000,0,0.0000
190,3166.6667,1,33.3333
191,3183.3333,0,0.0000
192,3200.0000,1,33.3333
193,3216.6667,0,0.0000
194,3233.3333,1,33.3333
195,3250.0000,0,0.0000
196,3266.6667,1,33.3333
197,3283.3333,0,0.0000
198,3300.0000,1,33.3333
199,3316.6667,0,0.0000
200,3333.3333,1,33.3333
201,3350.0000,0,0.0000
202,3366.6667,1,33.3333
203,3383.3333,0,0.0000
204,3400.0000,1,33.3333
205,3416.6667,0,0.0000
206,3433.3333,1,33.3333
207,3450.0000,0,0.0000
208,3466.6667,1,33.3333
209,3483.3333,0,0.0000
210,3500.0000,1,33.3333
211,3516.6667,0,0.0000
212,3533.3333,1,33.3333
213,3550.0000,0,0.0000
214,3566.6667,1,33.3333
215,3583.3333,0,0.0000
216,3600.0000,1,33.3333
217,3616.6667,0,0.0000
218,3633.3333,1,33.3333
219,3650.0000,0,0.0000
220,3666.6667,1,33.3333
221,3683.3333,0,0.0000
222,3700.0000,1,33.3333
223,3716.6667,0,0.0000
224,3733.3333,1,33.3333
225,3750.0000,0,0.0000
226,3766.6667,1,33.3333
227,3783.3333,0,0.0000
228,3800.0000,1,33.3333
229,3816.6667,0,0.0000
230,3833.3333,1,33.3333
231,3850.0000,0,0.0000
232,3866.6667,1,33.3333
233,3883.3333,0,0.0000
234,3900.0000,1,33.3333
235,3916.6667,0,0.0000
236,3933.3333,1,33.3333
237,3950.0000,0,0.0000
238,3966.6667,1,33.3333
239,3983.3333,0,0.0000
240,4000.0000,1,33.3333
241,4016.6667,0,0.0000
242,4033.3333,1,33.3333
243,4050.0000,0,0.0000
244,4066.6667,1,33.3333
245,4083.3333,0,0.0000
246,4100.0000,1,33.3333
247,4116.6667,0,0.0000
248,4133.3333,1,33.3333
249,4150.0000,0,0.0000
250,4166.6667,1,33.3333
251,4183.3333,0,0.0000
252,4200.0000,1,33.3333
253,4216.6667,0,0.0000
254,4233.3333,1,33.3333
255,4250.0000,0,0.0000
256,4266.6667,1,33.3333
257,4283.3333,0,0.0000
258,4300.0000,1,33.3333
259,4316.6667,0,0.0000
260,4333.3333,1,33.3333
261,4350.0000,0,0.0000
262,4366.6667,1,33.3333
263,4383.3333,0,0.0000
264,4400.0000,1,33.3333
265,4416.6667,0,0.0000
266,4433.3333,1,33.3333
267,4450.0000,0,0.0000
268,4466.6667,1,33.3333
269,4483.3333,0,0.0000
270,4500.0000,1,33.3333
271,4516.6667,0,0.0000
272,4533.3333,1,33.3333
273,4550.0000,0,0.0000
274,4566.6667,1,33.3333
275,4583.3333,0,0.0000
276,4600.0000,1,33.3333
277,4616.6667,0,0.0000
278,4633.3333,1,33.3333
279,4650.0000,0,0.0000
280,4666.6667,1,33.3333
281,4683.3333,0,0.0000
282,4700.0000,1,33.3333
283,4716.6667,0,0.0000
284,4733.3333,1,33.3333
285,4750.0000,0,0.0000
286,4766.6667,1,33.3333
287,4783.3333,0,0.0000
288,4800.0000,1,33.3333
289,4816.6667,0,0.0000
290,4833.3333,1,33.3333
291,4850.0000,0,0.0000
292,4866.6667,1,33.3333
293,4883.3333,0,0.0000
294,4900.0000,1,33.3333
295,4916.6667,0,0.0000
296,4933.3333,1,33.3333
297,4950.0000,0,0.0000
298,4966.6667,1,33.3333
299,4983.3333,0,0.0000
300,5000.0000,1,33.3333
301,5016.6667,0,0.0000
302,5033.3333,1,33.3333
303,5050.0000,0,0.0000
304,5066.6667,1,33.3333
305,5083.3333,0,0.0000
306,5100.0000,1,33.3333
307,5116.6667,0,0.0000
308,5133.3333,1,33.3333
309,5150.0000,0,0.0000
310,5166.6667,1,33.3333
311,5183.3333,0,0.0000
312,5200.0000,1,33.3333
313,5216.6667,0,0.0000
314,5233.3333,1,33.3333
315,5250.0000,0,0.0000
316,5266.6667,1,33.3333
317,5283.3333,0,0.0000
318,5300.0000,1,33.3333
319,5316.6667,0,0.0000
320,5333.3333,1,33.3333
321,5350.0000,0,0.0000
322,5366.6667,1,33.3333
323,5383.3333,0,0.0000
324,5400.0000,1,33.3333
325,5416.6667,0,0.0000
326,5433.3333,1,33.3333
327,5450.0000,0,0.0000
328,5466.6667,1,33.3333
329,5483.3333,0,0.0000
330,5500.0000,1,33.3333
331,5516.6667,0,0.0000
332,5533.3333,1,33.3333
333,5550.0000,0,0.0000
334,5566.6667,1,33.3333
335,5583.3333,0,0.0000
336,5600.0000,1,33.3333
337,5616.6667,0,0.0000
338,5633.3333,1,33.3333
339,5650.0000,0,0.0000
340,5666.6667,1,33.3333
341,5683.3333,0,0.0000
342,5700.0000,1,33.3333
343,5716.6667,0,0.0000
344,5733.3333,1,33.3333
345,5750.0000,0,0.0000
346,5766.6667,1,33.3333
347,5783.3333,0,0.0000
348,5800.0000,1,33.3333
349,5816.6667,0,0.0000
350,5833.3333,1,33.3333
351,5850.0000,0,0.0000
352,5866.6667,1,33.3333
353,5883.3333,0,0.0000
354,5900.0000,1,33.3333
355,5916.6667,0,0.0000
356,5933.3333,1,33.3333
357,5950.0000,0,0.0000
358,5966.6667,1,33.3333
359,5983.3333,0,0.0000
360,6000.0000,1,33.3333
361,6016.6667,0,0.0000
362,6033.3333,1,33.3333
363,6050.0000,0,0.0000
364,6066.6667,1,33.3333
365,6083.3333,0,0.0000
366,6100.0000,1,33.3333
367,6116.6667,0,0.0000
368,6133.3333,1,33.3333
369,6150.0000,0,0.0000
370,6166.6667,1,33.3333
371,6183.3333,0,0.0000
372,6200.0000,1,33.3333
373,6216.6667,0,0.0000
374,6233.3333,1,33.3333
375,6250.0000,0,0.0000
376,6266.6667,1,33.3333
377,6283.3333,0,0.0000
378,6300.0000,1,33.3333
379,6316.6667,0,0.0000
380,6333.3333,1,33.3333
381,6350.0000,0,0.0000
382,6366.6667,1,33.3333
383,6383.3333,0,0.0000
384,6400.0000,1,33.3333
385,6416.6667,0,0.0000
386,6433.3333,1,33.3333
387,6450.0000,0,0.0000
388,6466.6667,1,33.3333
389,6483.3333,0,0.0000
390,6500.0000,1,33.3333
391,6516.6667,0,0.0000
392,6533.3333,1,33.3333
393,6550.0000,0,0.0000
394,6566.6667,1,33.3333
395,6583.3333,0,0.0000
396,6600.0000,1,33.3333
397,6616.6667,0,0.0000
398,6633.3333,1,33.3333
399,6650.0000,0,0.0000
400,6666.6667,1,33.3333
401,6683.3333,0,0.0000
402,6700.0000,1,33.3333
403,6716.6667,0,0.0000
404,6733.3333,1,33.3333
405,6750.0000,0,0.0000
406,6766.6667,1,33.3333
407,6783.3333,0,0.0000
408,6800.0000,1,33.3333
409,6816.6667,0,0.0000
410,6833.3333,1,33.3333
411,6850.0000,0,0.0000
412,6866.6667,1,33.3333
413,6883.3333,0,0.0000
414,6900.0000,1,33.3333
415,6916.6667,0,0.0000
416,6933.3333,1,33.3333
417,6950.0000,0,0.0000
418,6966.6667,1,33.3333
419,6983.3333,0,0.0000
420,7000.0000,1,33.3333
421,7016.6667,0,0.0000
422,7033.3333,1,33.3333
423,7050.0000,0,0.0000
424,7066.6667,1,33.3333
425,7083.3333,0,0.0000
426,7100.0000,1,33.3333
427,7116.6667,0,0.0000
428,7133.3333,1,33.3333
429,7150.0000,0,0.0000
430,7166.6667,1,33.3333
431,7183.3333,0,0.0000
432,7200.0000,1,33.3333
433,7216.6667,0,0.0000
434,7233.3333,1,33.3333
435,7250.0000,0,0.0000
436,7266.6667,1,33.3333
437,7283.3333,0,0.0000
438,7300.0000,1,33.3333
439,7316.6667,0,0.0000
440,7333.3333,1,33.3333
441,7350.0000,0,0.0000
442,7366.6667,1,33.3333
443,7383.3333,0,0.0000
444,7400.0000,1,33.3333
445,7416.6667,0,0.0000
446,7433.3333,1,33.3333
447,7450.0000,0,0.0000
448,7466.6667,1,33.3333
449,7483.3333,0,0.0000
450,7500.0000,1,33.3333
451,7516.6667,0,0.0000
452,7533.3333,1,33.3333
453,7550.0000,0,0.0000
454,7566.6667,1,33.3333
455,7583.3333,0,0.0000
456,7600.0000,1,33.3333
457,7616.6667,0,0.0000
458,7633.3333,1,33.3333
459,7650.0000,0,0.0000
460,7666.6667,1,33.3333
461,7683.3333,0,0.0000
462,7700.0000,1,33.3333
463,7716.6667,0,0.0000
464,7733.3333,1,33.3333
465,7750.0000,0,0.0000
466,7766.6667,1,33.3333
467,7783.3333,0,0.0000
468,7800.0000,1,33.3333
469,7816.6667,0,0.0000
470,7833.3333,1,33.3333
471,7850.0000,0,0.0000
472,7866.6667,1,33.3333
473,7883.3333,0,0.0000
474,7900.0000,1,33.3333
475,7916.6667,0,0.0000
476,7933.3333,1,33.3333
477,7950.0000,0,0.0000
478,7966.6667,1,33.3333
479,7983.3333,0,0.0000
480,8000.0000,1,33.3333
481,8016.6667,0,0.0000
482,8033.3333,1,33.3333
483,8050.0000,0,0.0000
484,8066.6667,1,33.3333
485,8083.3333,0,0.0000
486,8100.0000,1,33.3333
487,8116.6667,0,0.0000
488,8133.3333,1,33.3333
489,8150.0000,0,0.0000
490,8166.6667,1,33.3333
491,8183.3333,0,0.0000
492,8200.0000,1,33.3333
493,8216.6667,0,0.0000
494,8233.3333,1,33.3333
495,8250.0000,0,0.0000
496,8266.6667,1,33.3333
497,8283.3333,0,0.0000
498,8300.0000,1,33.3333
499,8316.6667,0,0.0000
500,8333.3333,1,33.3333
501,8350.0000,0,0.0000
502,8366.6667,1,33.3333
503,8383.3333,0,0.0000
504,8400.0000,1,33.3333
505,8416.6667,0,0.0000
506,8433.3333,1,33.3333
507,8450.0000,0,0.0000
508,8466.6667,1,33.3333
509,8483.3333,0,0.0000
510,8500.0000,1,33.3333
511,8516.6667,0,0.0000
512,8533.3333,1,33.3333
513,8550.0000,0,0.0000
514,8566.6667,1,33.3333
515,8583.3333,0,0.0000
516,8600.0000,1,33.3333
517,8616.6667,0,0.0000
518,8633.3333,1,33.3333
519,8650.0000,0,0.0000
520,8666.6667,1,33.3333
521,8683.3333,0,0.0000
522,8700.0000,1,33.3333
523,8716.6667,0,0.0000
524,8733.3333,1,33.3333
525,8750.0000,0,0.0000
526,8766.6667,1,33.3333
527,8783.3333,0,0.0000
528,8800.0000,1,33.3333
529,8816.6667,0,0.0000
530,8833.3333,1,33.3333
531,8850.0000,0,0.0000
532,8866.6667,1,33.3333
533,8883.3333,0,0.0000
534,8900.0000,1,33.3333
535,8916.6667,0,0.0000
536,8933.3333,1,33.3333
537,8950.0000,0,0.0000
538,8966.6667,1,33.3333
539,8983.3333,0,0.0000
540,9000.0000,1,33.3333
541,9016.6667,0,0.0000
542,9033.3333,1,33.3333
543,9050.0000,0,0.0000
544,9066.6667,1,33.3333
545,9083.3333,0,0.0000
546,9100.0000,1,33.3333
547,9116.6667,0,0.0000
548,9133.3333,1,33.3333
549,9150.0000,0,0.0000
550,9166.6667,1,33.3333
551,9183.3333,0,0.0000
552,9200.0000,1,33.3333
553,9216.6667,0,0.0000
554,9233.3333,1,33.3333
555,9250.0000,0,0.0000
556,9266.6667,1,33.3333
557,9283.3333,0,0.0000
558,9300.0000,1,33.3333
559,9316.6667,0,0.0000
560,9333.3333,1,33.3333
561,9350.0000,0,0.0000
562,9366.6667,1,33.3333
563,9383.3333,0,0.0000
564,9400.0000,1,33.3333
565,9416.6667,0,0.0000
566,9433.3333,1,33.3333
567,9450.0000,0,0.0000
568,9466.6667,1,33.3333
569,9483.3333,0,0.0000
570,9500.0000,1,33.3333
571,9516.6667,0,0.0000
572,9533.3333,1,33.3333
573,9550.0000,0,0.0000
574,9566.6667,1,33.3333
575,9583.3333,0,0.0000
576,9600.0000,1,33.3333
577,9616.6667,0,0.0000
578,9633.3333,1,33.3333
579,9650.0000,0,0.0000
580,9666.6667,1,33.3333
581,9683.3333,0,0.0000
582,9700.0000,1,33.3333
583,9716.6667,0,0.0000
584,9733.3333,1,33.3333
585,9750.0000,0,0.0000
586,9766.6667,1,33.3333
587,9783.3333,0,0.0000
588,9800.0000,1,33.3333
589,9816.6667,0,0.0000
590,9833.3333,1,33.3333
591,9850.0000,0,0.0000
592,9866.6667,1,33.3333
593,9883.3333,0,0.0000
594,9900.0000,1,33.3333
595,9916.6667,0,0.0000
596,9933.3333,1,33.3333
597,9950.0000,0,0.0000
598,9966.6667,1,33.3333
599,9983.3333,0,0.0000
600,10000.0000,1,33.3333
601,10016.6667,0,0.0000
602,10033.3333,1,33.3333
603,10050.0000,0,0.0000
604,10066.6667,1,33.3333
605,10083.3333,0,0.0000
606,10100.0000,1,33.3333
607,10116.6667,0,0.0000
608,10133.3333,1,33.3333
609,10150.0000,0,0.0000
610,10166.6667,1,33.3333
611,10183.3333,0,0.0000
612,10200.0000,1,33.3333
613,10216.6667,0,0.0000
614,10233.3333,1,33.3333
615,10250.0000,0,0.0000
616,10266.6667,1,33.3333
617,10283.3333,0,0.0000
618,10300.0000,1,33.3333
619,10316.6667,0,0.0000
620,10333.3333,1,33.3333
621,10350.0000,0,0.0000
622,10366.6667,1,33.3333
623,10383.3333,0,0.0000
624,10400.0000,1,33.3333
625,10416.6667,0,0.0000
626,10433.3333,1,33.3333
627,10450.0000,0,0.0000
628,10466.6667,1,33.3333
629,10483.3333,0,0.0000
630,10500.0000,1,33.3333
631,10516.6667,0,0.0000
632,10533.3333,1,33.3333
633,10550.0000,0,0.0000
634,10566.6667,1,33.3333
635,10583.3333,0,0.0000
636,10600.0000,1,33.3333
637,10616.6667,0,0.0000
638,10633.3333,1,33.3333
639,10650.0000,0,0.0000
640,10666.6667,1,33.3333
641,10683.3333,0,0.0000
642,10700.0000,1,33.3333
643,10716.6667,0,0.0000
644,10733.3333,1,33.3333
645,10750.0000,0,0.0000
646,10766.6667,1,33.3333
647,10783.3333,0,0.0000
648,10800.0000,1,33.3333
649,10816.6667,0,0.0000
650,10833.3333,1,33.3333
651,10850.0000,0,0.0000
652,10866.6667,1,33.3333
653,10883.3333,0,0.0000
654,10900.0000,1,33.3333
655,10916.6667,0,0.0000
656,10933.3333,1,33.3333
657,10950.0000,0,0.0000
658,10966.6667,1,33.3333
659,10983.3333,0,0.0000
660,11000.0000,1,33.3333
661,11016.6667,0,0.0000
662,11033.3333,1,33.3333
663,11050.0000,0,0.0000
664,11066.6667,1,33.3333
665,11083.3333,0,0.0000
666,11100.0000,1,33.3333
667,11116.6667,0,0.0000
668,11133.3333,1,33.3333
669,11150.0000,0,0.0000
670,11166.6667,1,33.3333
671,11183.3333,0,0.0000
672,11200.0000,1,33.3333
673,11216.6667,0,0.0000
674,11233.3333,1,33.3333
675,11250.0000,0,0.0000
676,11266.6667,1,33.3333
677,11283.3333,0,0.0000
678,11300.0000,1,33.3333
679,11316.6667,0,0.0000
680,11333.3333,1,33.3333
681,11350.0000,0,0.0000
682,11366.6667,1,33.3333
683,11383.3333,0,0.0000
684,11400.0000,1,33.3333
685,11416.6667,0,0.0000
686,11433.3333,1,33.3333
687,11450.0000,0,0.0000
688,11466.6667,1,33.3333
689,11483.3333,0,0.0000
690,11500.0000,1,33.3333
691,11516.6667,0,0.0000
692,11533.3333,1,33.3333
693,11550.0000,0,0.0000
694,11566.6667,1,33.3333
695,11583.3333,0,0.0000
696,11600.0000,1,33.3333
697,11616.6667,0,0.0000
698,11633.3333,1,33.3333
699,11650.0000,0,0.0000
700,11666.6667,1,33.3333
701,11683.3333,0,0.0000
702,11700.0000,1,33.3333
703,11716.6667,0,0.0000
704,11733.3333,1,33.3333
705,11750.0000,0,0.0000
706,11766.6667,1,33.3333
707,11783.3333,0,0.0000
708,11800.0000,1,33.3333
709,11816.6667,0,0.0000
710,11833.3333,1,33.3333
711,11850.0000,0,0.0000
712,11866.6667,1,33.3333
713,11883.3333,0,0.0000
714,11900.0000,1,33.3333
715,11916.6667,0,0.0000
716,11933.3333,1,33.3333
717,11950.0000,0,0.0000
718,11966.6667,1,33.3333
719,11983.3333,0,0.0000
720,12000.0000,1,33.3333
721,12016.6667,0,0.0000
722,12033.3333,1,33.3333
723,12050.0000,0,0.0000
724,12066.6667,1,33.3333
725,12083.3333,0,0.0000
726,12100.0000,1,33.3333
727,12116.6667,0,0.0000
728,12133.3333,1,33.3333
729,12150.0000,0,0.0000
730,12166.6667,1,33.3333
731,12183.3333,0,0.0000
732,12200.0000,1,33.3333
733,12216.6667,0,0.0000
734,12233.3333,1,33.3333
735,12250.0000,0,0.0000
736,12266.6667,1,33.3333
737,12283.3333,0,0.0000
738,12300.0000,1,33.3333
739,12316.6667,0,0.0000
740,12333.3333,1,33.3333
741,12350.0000,0,0.0000
742,12366.6667,1,33.3333
743,12383.3333,0,0.0000
744,12400.0000,1,33.3333
745,12416.6667,0,0.0000
746,12433.3333,1,33.3333
747,12450.0000,0,0.0000
748,12466.6667,1,33.3333
749,12483.3333,0,0.0000
750,12500.0000,1,33.3333
751,12516.6667,0,0.0000
752,12533.3333,1,33.3333
753,12550.0000,0,0.0000
754,12566.6667,1,33.3333
755,12583.3333,0,0.0000
756,12600.0000,1,33.3333
757,12616.6667,0,0.0000
758,12633.3333,1,33.3333
759,12650.0000,0,0.0000
760,12666.6667,1,33.3333
761,12683.3333,0,0.0000
762,12700.0000,1,33.3333
763,12716.6667,0,0.0000
764,12733.3333,1,33.3333
765,12750.0000,0,0.0000
766,12766.6667,1,33.3333
767,12783.3333,0,0.0000
768,12800.0000,1,33.3333
769,12816.6667,0,0.0000
770,12833.3333,1,33.3333
771,12850.0000,0,0.0000
772,12866.6667,1,33.3333
773,12883.3333,0,0.0000
774,12900.0000,1,33.3333
775,12916.6667,0,0.0000
776,12933.3333,1,33.3333
777,12950.0000,0,0.0000
778,12966.6667,1,33.3333
779,12983.3333,0,0.0000
780,13000.0000,1,33.3333
781,13016.6667,0,0.0000
782,13033.3333,1,33.3333
783,13050.0000,0,0.0000
784,13066.6667,1,33.3333
785,13083.3333,0,0.0000
786,13100.0000,1,33.3333
787,13116.6667,0,0.0000
788,13133.3333,1,33.3333
789,13150.0000,0,0.0000
790,13166.6667,1,33.3333
791,13183.3333,0,0.0000
792,13200.0000,1,33.3333
793,13216.6667,0,0.0000
794,13233.3333,1,33.3333
795,13250.0000,0,0.0000
796,13266.6667,1,33.3333
797,13283.3333,0,0.0000
798,13300.0000,1,33.3333
799,13316.6667,0,0.0000
800,13333.3333,1,33.3333
801,13350.0000,0,0.0000
802,13366.6667,1,33.3333
803,13383.3333,0,0.0000
804,13400.0000,1,33.3333
805,13416.6667,0,0.0000
806,13433.3333,1,33.3333
807,13450.0000,0,0.0000
808,13466.6667,1,33.3333
809,13483.3333,0,0.0000
810,13500.0000,1,33.3333
811,13516.6667,0,0.0000
812,13533.3333,1,33.3333
813,13550.0000,0,0.0000
814,13566.6667,1,33.3333
815,13583.3333,0,0.0000
816,13600.0000,1,33.3333
817,13616.6667,0,0.0000
818,13633.3333,1,33.3333
819,13650.0000,0,0.0000
820,13666.6667,1,33.3333
821,13683.3333,0,0.0000
822,13700.0000,1,33.3333
823,13716.6667,0,0.0000
824,13733.3333,1,33.3333
825,13750.0000,0,0.0000
826,13766.6667,1,33.3333
827,13783.3333,0,0.0000
828,13800.0000,1,33.3333
829,13816.6667,0,0.0000
830,13833.3333,1,33.3333
831,13850.0000,0,0.0000
832,13866.6667,1,33.3333
833,13883.3333,0,0.0000
834,13900.0000,1,33.3333
835,13916.6667,0,0.0000
836,13933.3333,1,33.3333
837,13950.0000,0,0.0000
838,13966.6667,1,33.3333
839,13983.3333,0,0.0000
840,14000.0000,1,33.3333
841,14016.6667,0,0.0000
842,14033.3333,1,33.3333
843,14050.0000,0,0.0000
844,14066.6667,1,33.3333
845,14083.3333,0,0.0000
846,14100.0000,1,33.3333
847,14116.6667,0,0.0000
848,14133.3333,1,33.3333
849,14150.0000,0,0.0000
850,14166.6667,1,33.3333
851,14183.3333,0,0.0000
852,14200.0000,1,33.3333
853,14216.6667,0,0.0000
854,14233.3333,1,33.3333
855,14250.0000,0,0.0000
856,14266.6667,1,33.3333
857,14283.3333,0,0.0000
858,14300.0000,1,33.3333
859,14316.6667,0,0.0000
860,14333.3333,1,33.3333
861,14350.0000,0,0.0000
862,14366.6667,1,33.3333
863,14383.3333,0,0.0000
864,14400.0000,1,33.3333
865,14416.6667,0,0.0000
866,14433.3333,1,33.3333
867,14450.0000,0,0.0000
868,14466.6667,1,33.3333
869,14483.3333,0,0.0000
870,14500.0000,1,33.3333
871,14516.6667,0,0.0000
872,14533.3333,1,33.3333
873,14550.0000,0,0.0000
874,14566.6667,1,33.3333
875,14583.3333,0,0.0000
876,14600.0000,1,33.3333
877,14616.6667,0,0.0000
878,14633.3333,1,33.3333
879,14650.0000,0,0.0000
880,14666.6667,1,33.3333
881,14683.3333,0,0.0000
882,14700.0000,1,33.3333
883,14716.6667,0,0.0000
884,14733.3333,1,33.3333
885,14750.0000,0,0.0000
886,14766.6667,1,33.3333
887,14783.3333,0,0.0000
888,14800.0000,1,33.3333
889,14816.6667,0,0.0000
890,14833.3333,1,33.3333
891,14850.0000,0,0.0000
892,14866.6667,1,33.3333
893,14883.3333,0,0.0000
894,14900.0000,1,33.3333
895,14916.6667,0,0.0000
896,14933.3333,1,33.3333
897,14950.0000,0,0.0000
898,14966.6667,1,33.3333
899,14983.3333,0,0.0000
900,15000.0000,1,33.3333
901,15016.6667,0,0.0000
902,15033.3333,1,33.3333
903,15050.0000,0,0.0000
904,15066.6667,1,33.3333
905,15083.3333,0,0.0000
906,15100.0000,1,33.3333
907,15116.6667,0,0.0000
908,15133.3333,1,33.3333
909,15150.0000,0,0.0000
910,15166.6667,1,33.3333
911,15183.3333,0,0.0000
912,15200.0000,1,33.3333
913,15216.6667,0,0.0000
914,15233.3333,1,33.3333
915,15250.0000,0,0.0000
916,15266.6667,1,33.3333
917,15283.3333,0,0.0000
918,15300.0000,1,33.3333
919,15316.6667,0,0.0000
920,15333.3333,1,33.3333
921,15350.0000,0,0.0000
922,15366.6667,1,33.3333
923,15383.3333,0,0.0000
924,15400.0000,1,33.3333
925,15416.6667,0,0.0000
926,15433.3333,1,33.3333
927,15450.0000,0,0.0000
928,15466.6667,1,33.3333
929,15483.3333,0,0.0000
930,15500.0000,1,33.3333
931,15516.6667,0,0.0000
932,15533.3333,1,33.3333
933,15550.0000,0,0.0000
934,15566.6667,1,33.3333
935,15583.3333,0,0.0000
936,15600.0000,1,33.3333
937,15616.6667,0,0.0000
938,15633.3333,1,33.3333
939,15650.0000,0,0.0000
940,15666.6667,1,33.3333
941,15683.3333,0,0.0000
942,15700.0000,1,33.3333
943,15716.6667,0,0.0000
944,15733.3333,1,33.3333
945,15750.0000,0,0.0000
946,15766.6667,1,33.3333
947,15783.3333,0,0.0000
948,15800.0000,1,33.3333
949,15816.6667,0,0.0000
950,15833.3333,1,33.3333
951,15850.0000,0,0.0000
952,15866.6667,1,33.3333
953,15883.3333,0,0.0000
954,15900.0000,1,33.3333
955,15916.6667,0,0.0000
956,15933.3333,1,33.3333
957,15950.0000,0,0.0000
958,15966.6667,1,33.3333
959,15983.3333,0,0.0000
960,16000.0000,1,33.3333
961,16016.6667,0,0.0000
962,16033.3333,1,33.3333
963,16050.0000,0,0.0000
964,16066.6667,1,33.3333
965,16083.3333,0,0.0000
966,16100.0000,1,33.3333
967,16116.6667,0,0.0000
968,16133.3333,1,33.3333
969,16150.0000,0,0.0000
970,16166.6667,1,33.3333
971,16183.3333,0,0.0000
972,16200.0000,1,33.3333
973,16216.6667,0,0.0000
974,16233.3333,1,33.3333
975,16250.0000,0,0.0000
976,16266.6667,1,33.3333
977,16283.3333,0,0.0000
978,16300.0000,0,0.0000
979,16316.6667,1,50.0000
980,16333.3333,0,0.0000
981,16350.0000,1,33.3333
982,16366.6667,0,0.0000
983,16383.3333,1,33.3333
984,16400.0000,0,0.0000
985,16416.6667,1,33.3333
986,16433.3333,0,0.0000
987,16450.0000,1,33.3333
988,16466.6667,0,0.0000
989,16483.3333,1,33.3333
990,16500.0000,0,0.0000
991,16516.6667,1,33.3333
992,16533.3333,0,0.0000
993,16550.0000,1,33.3333
994,16566.6667,0,0.0000
995,16583.3333,1,33.3333
996,16600.0000,0,0.0000
997,16616.6667,1,33.3333
998,16633.3333,0,0.0000
999,16650.0000,1,33.3333
1000,16666.6667,0,0.0000
1001,16683.3333,1,33.3333
1002,16700.0000,0,0.0000
1003,16716.6667,1,33.3333
1004,16733.3333,0,0.0000
1005,16750.0000,1,33.3333
1006,16766.6667,0,0.0000
1007,16783.3333,1,33.3333
1008,16800.0000,0,0.0000
1009,16816.6667,1,33.3333
1010,16833.3333,0,0.0000
1011,16850.0000,1,33.3333
1012,16866.6667,0,0.0000
1013,16883.3333,1,33.3333
1014,16900.0000,0,0.0000
1015,16916.6667,1,33.3333
1016,16933.3333,0,0.0000
1017,16950.0000,1,33.3333
1018,16966.6667,0,0.0000
1019,16983.3333,1,33.3333
1020,17000.0000,0,0.0000
1021,17016.6667,1,33.3333
1022,17033.3333,0,0.0000
1023,17050.0000,1,33.3333
1024,17066.6667,0,0.0000
1025,17083.3333,1,33.3333
1026,17100.0000,0,0.0000
1027,17116.6667,1,33.3333
1028,17133.3333,0,0.0000
1029,17150.0000,1,33.3333
1030,17166.6667,0,0.0000
1031,17183.3333,1,33.3333
1032,17200.0000,0,0.0000
1033,17216.6667,1,33.3333
1034,17233.3333,0,0.0000
1035,17250.0000,1,33.3333
1036,17266.6667,0,0.0000
1037,17283.3333,1,33.3333
1038,17300.0000,0,0.0000
1039,17316.6667,1,33.3333
1040,17333.3333,0,0.0000
1041,17350.0000,1,33.3333
1042,17366.6667,0,0.0000
1043,17383.3333,1,33.3333
1044,17400.0000,0,0.0000
1045,17416.6667,1,33.3333
1046,17433.3333,0,0.0000
1047,17450.0000,1,33.3333
1048,17466.6667,0,0.0000
1049,17483.3333,1,33.3333
1050,17500.0000,0,0.0000
1051,17516.6667,1,33.3333
1052,17533.3333,0,0.0000
1053,17550.0000,1,33.3333
1054,17566.6667,0,0.0000
1055,17583.3333,1,33.3333
1056,17600.0000,0,0.0000
1057,17616.6667,1,33.3333
1058,17633.3333,0,0.0000
1059,17650.0000,1,33.3333
1060,17666.6667,0,0.0000
1061,17683.3333,1,33.3333
1062,17700.0000,0,0.0000
1063,17716.6667,1,33.3333
1064,17733.3333,0,0.0000
1065,17750.0000,1,33.3333
1066,17766.6667,0,0.0000
1067,17783.3333,1,33.3333
1068,17800.0000,0,0.0000
1069,17816.6667,1,33.3333
1070,17833.3333,0,0.0000
1071,17850.0000,1,33.3333
1072,17866.6667,0,0.0000
1073,17883.3333,1,33.3333
1074,17900.0000,0,0.0000
1075,17916.6667,1,33.3333
1076,17933.3333,0,0.0000
1077,17950.0000,1,33.3333
1078,17966.6667,0,0.0000
1079,17983.3333,1,33.3333
1080,18000.0000,0,0.0000
1081,18016.6667,1,33.3333
1082,18033.3333,0,0.0000
1083,18050.0000,1,33.3333
1084,18066.6667,0,0.0000
1085,18083.3333,1,33.3333
1086,18100.0000,0,0.0000
1087,18116.6667,1,33.3333
1088,18133.3333,0,0.0000
1089,18150.0000,1,33.3333
1090,18166.6667,0,0.0000
1091,18183.3333,1,33.3333
1092,18200.0000,0,0.0000
1093,18216.6667,1,33.3333
1094,18233.3333,0,0.0000
1095,18250.0000,1,33.3333
1096,18266.6667,0,0.0000
1097,18283.3333,1,33.3333
1098,18300.0000,0,0.0000
1099,18316.6667,1,33.3333
1100,18333.3333,0,0.0000
1101,18350.0000,1,33.3333
1102,18366.6667,0,0.0000
1103,18383.3333,1,33.3333
1104,18400.0000,0,0.0000
1105,18416.6667,1,33.3333
1106,18433.3333,0,0.0000
1107,18450.0000,1,33.3333
1108,18466.6667,0,0.0000
1109,18483.3333,1,33.3333
1110,18500.0000,0,0.0000
1111,18516.6667,1,33.3333
1112,18533.3333,0,0.0000
1113,18550.0000,1,33.3333
1114,18566.6667,0,0.0000
1115,18583.3333,1,33.3333
1116,18600.0000,0,0.0000
1117,18616.6667,1,33.3333
1118,18633.3333,0,0.0000
1119,18650.0000,1,33.3333
1120,18666.6667,0,0.0000
1121,18683.3333,1,33.3333
1122,18700.0000,0,0.0000
1123,18716.6667,1,33.3333
1124,18733.3333,0,0.0000
1125,18750.0000,1,33.3333
1126,18766.6667,0,0.0000
1127,18783.3333,1,33.3333
1128,18800.0000,0,0.0000
1129,18816.6667,1,33.3333
1130,18833.3333,0,0.0000
1131,18850.0000,1,33.3333
1132,18866.6667,0,0.0000
1133,18883.3333,1,33.3333
1134,18900.0000,0,0.0000
1135,18916.6667,1,33.3333
1136,18933.3333,0,0.0000
1137,18950.0000,1,33.3333
1138,18966.6667,0,0.0000
1139,18983.3333,1,33.3333
1140,19000.0000,0,0.0000
1141,19016.6667,1,33.3333
1142,19033.3333,0,0.0000
1143,19050.0000,1,33.3333
1144,19066.6667,0,0.0000
1145,19083.3333,1,33.3333
1146,19100.0000,0,0.0000
1147,19116.6667,1,33.3333
1148,19133.3333,0,0.0000
1149,19150.0000,1,33.3333
1150,19166.6667,0,0.0000
1151,19183.3333,1,33.3333
1152,19200.0000,0,0.0000
1153,19216.6667,1,33.3333
1154,19233.3333,0,0.0000
1155,19250.0000,1,33.3333
1156,19266.6667,0,0.0000
1157,19283.3333,1,33.3333
1158,19300.0000,0,0.0000
1159,19316.6667,1,33.3333
1160,19333.3333,0,0.0000
1161,19350.0000,1,33.3333
1162,19366.6667,0,0.0000
1163,19383.3333,1,33.3333
1164,19400.0000,0,0.0000
1165,19416.6667,1,33.3333
1166,19433.3333,0,0.0000
1167,19450.0000,1,33.3333
1168,19466.6667,0,0.0000
1169,19483.3333,1,33.3333
1170,19500.0000,0,0.0000
1171,19516.6667,1,33.3333
1172,19533.3333,0,0.0000
1173,19550.0000,1,33.3333
1174,19566.6667,0,0.0000
1175,19583.3333,1,33.3333
1176,19600.0000,0,0.0000
1177,19616.6667,1,33.3333
1178,19633.3333,0,0.0000
1179,19650.0000,1,33.3333
1180,19666.6667,0,0.0000
1181,19683.3333,1,33.3333
1182,19700.0000,0,0.0000
1183,19716.6667,1,33.3333
1184,19733.3333,0,0.0000
1185,19750.0000,1,33.3333
1186,19766.6667,0,0.0000
1187,19783.3333,1,33.3333
1188,19800.0000,0,0.0000
1189,19816.6667,1,33.3333
1190,19833.3333,0,0.0000
1191,19850.0000,1,33.3333
1192,19866.6667,0,0.0000
1193,19883.3333,1,33.3333
1194,19900.0000,0,0.0000
1195,19916.6667,1,33.3333
1196,19933.3333,0,0.0000
1197,19950.0000,1,33.3333
1198,19966.6667,0,0.0000
1199,19983.3333,1,33.3333
1200,20000.0000,0,0.0000
1201,20016.6667,1,33.3333
1202,20033.3333,0,0.0000
1203,20050.0000,1,33.3333
1204,20066.6667,0,0.0000
1205,20083.3333,1,33.3333
1206,20100.0000,0,0.0000
1207,20116.6667,1,33.3333
1208,20133.3333,0,0.0000
1209,20150.0000,1,33.3333
1210,20166.6667,0,0.0000
1211,20183.3333,1,33.3333
1212,20200.0000,0,0.0000
1213,20216.6667,1,33.3333
1214,20233.3333,0,0.0000
1215,20250.0000,1,33.3333
1216,20266.6667,0,0.0000
1217,20283.3333,1,33.3333
1218,20300.0000,0,0.0000
1219,20316.6667,1,33.3333
1220,20333.3333,0,0.0000
1221,20350.0000,1,33.3333
1222,20366.6667,0,0.0000
1223,20383.3333,1,33.3333
1224,20400.0000,0,0.0000
1225,20416.6667,1,33.3333
1226,20433.3333,0,0.0000
1227,20450.0000,1,33.3333
1228,20466.6667,0,0.0000
1229,20483.3333,1,33.3333
1230,20500.0000,0,0.0000
1231,20516.6667,1,33.3333
1232,20533.3333,0,0.0000
1233,20550.0000,1,33.3333
1234,20566.6667,0,0.0000
1235,20583.3333,1,33.3333
1236,20600.0000,0,0.0000
1237,20616.6667,1,33.3333
1238,20633.3333,0,0.0000
1239,20650.0000,1,33.3333
1240,20666.6667,0,0.0000
1241,20683.3333,1,33.3333
1242,20700.0000,0,0.0000
1243,20716.6667,1,33.3333
1244,20733.3333,0,0.0000
1245,20750.0000,1,33.3333
1246,20766.6667,0,0.0000
1247,20783.3333,1,33.3333
1248,20800.0000,0,0.0000
1249,20816.6667,1,33.3333
1250,20833.3333,0,0.0000
1251,20850.0000,1,33.3333
1252,20866.6667,0,0.0000
1253,20883.3333,1,33.3333
1254,20900.0000,0,0.0000
1255,20916.6667,1,33.3333
1256,20933.3333,0,0.0000
1257,20950.0000,1,33.3333
1258,20966.6667,0,0.0000
1259,20983.3333,1,33.3333
1260,21000.0000,0,0.0000
1261,21016.6667,1,33.3333
1262,21033.3333,0,0.0000
1263,21050.0000,1,33.3333
1264,21066.6667,0,0.0000
1265,21083.3333,1,33.3333
1266,21100.0000,0,0.0000
1267,21116.6667,1,33.3333
1268,21133.3333,0,0.0000
1269,21150.0000,1,33.3333
1270,21166.6667,0,0.0000
1271,21183.3333,1,33.3333
1272,21200.0000,0,0.0000
1273,21216.6667,1,33.3333
1274,21233.3333,0,0.0000
1275,21250.0000,1,33.3333
1276,21266.6667,0,0.0000
1277,21283.3333,1,33.3333
1278,21300.0000,0,0.0000
1279,21316.6667,1,33.3333
1280,21333.3333,0,0.0000
1281,21350.0000,1,33.3333
1282,21366.6667,0,0.0000
1283,21383.3333,1,33.3333
1284,21400.0000,0,0.0000
1285,21416.6667,1,33.3333
1286,21433.3333,0,0.0000
1287,21450.0000,1,33.3333
1288,21466.6667,0,0.0000
1289,21483.3333,1,33.3333
1290,21500.0000,0,0.0000
1291,21516.6667,1,33.3333
1292,21533.3333,0,0.0000
1293,21550.0000,1,33.3333
1294,21566.6667,0,0.0000
1295,21583.3333,1,33.3333
1296,21600.0000,0,0.0000
1297,21616.6667,1,33.3333
1298,21633.3333,0,0.0000
1299,21650.0000,1,33.3333
1300,21666.6667,0,0.0000
1301,21683.3333,1,33.3333
1302,21700.0000,0,0.0000
1303,21716.6667,1,33.3333
1304,21733.3333,0,0.0000
1305,21750.0000,1,33.3333
1306,21766.6667,0,0.0000
1307,21783.3333,1,33.3333
1308,21800.0000,0,0.0000
1309,21816.6667,1,33.3333
1310,21833.3333,0,0.0000
1311,21850.0000,1,33.3333
1312,21866.6667,0,0.0000
1313,21883.3333,1,33.3333
1314,21900.0000,0,0.0000
1315,21916.6667,1,33.3333
1316,21933.3333,0,0.0000
1317,21950.0000,1,33.3333
1318,21966.6667,0,0.0000
1319,21983.3333,1,33.3333
1320,22000.0000,0,0.0000
1321,22016.6667,1,33.3333
1322,22033.3333,0,0.0000
1323,22050.0000,1,33.3333
1324,22066.6667,0,0.0000
1325,22083.3333,1,33.3333
1326,22100.0000,0,0.0000
1327,22116.6667,1,33.3333
1328,22133.3333,0,0.0000
1329,22150.0000,1,33.3333
1330,22166.6667,0,0.0000
1331,22183.3333,1,33.3333
1332,22200.0000,0,0.0000
1333,22216.6667,1,33.3333
1334,22233.3333,0,0.0000
1335,22250.0000,1,33.3333
1336,22266.6667,0,0.0000
1337,22283.3333,1,33.3333
1338,22300.0000,0,0.0000
1339,22316.6667,1,33.3333
1340,22333.3333,0,0.0000
1341,22350.0000,1,33.3333
1342,22366.6667,0,0.0000
1343,22383.3333,1,33.3333
1344,22400.0000,0,0.0000
1345,22416.6667,1,33.3333
1346,22433.3333,0,0.0000
1347,22450.0000,1,33.3333
1348,22466.6667,0,0.0000
1349,22483.3333,1,33.3333
1350,22500.0000,0,0.0000
1351,22516.6667,1,33.3333
1352,22533.3333,0,0.0000
1353,22550.0000,1,33.3333
1354,22566.6667,0,0.0000
1355,22583.3333,1,33.3333
1356,22600.0000,0,0.0000
1357,22616.6667,1,33.3333
1358,22633.3333,0,0.0000
1359,22650.0000,1,33.3333
1360,22666.6667,0,0.0000
1361,22683.3333,1,33.3333
1362,22700.0000,0,0.0000
1363,22716.6667,1,33.3333
1364,22733.3333,0,0.0000
1365,22750.0000,1,33.3333
1366,22766.6667,0,0.0000
1367,22783.3333,1,33.3333
1368,22800.0000,0,0.0000
1369,22816.6667,1,33.3333
1370,22833.3333,0,0.0000
1371,22850.0000,1,33.3333
1372,22866.6667,0,0.0000
1373,22883.3333,1,33.3333
1374,22900.0000,0,0.0000
1375,22916.6667,1,33.3333
1376,22933.3333,0,0.0000
1377,22950.0000,1,33.3333
1378,22966.6667,0,0.0000
1379,22983.3333,1,33.3333
1380,23000.0000,0,0.0000
1381,23016.6667,1,33.3333
1382,23033.3333,0,0.0000
1383,23050.0000,1,33.3333
1384,23066.6667,0,0.0000
1385,23083.3333,1,33.3333
1386,23100.0000,0,0.0000
1387,23116.6667,1,33.3333
1388,23133.3333,0,0.0000
1389,23150.0000,1,33.3333
1390,23166.6667,0,0.0000
1391,23183.3333,1,33.3333
1392,23200.0000,0,0.0000
1393,23216.6667,1,33.3333
1394,23233.3333,0,0.0000
1395,23250.0000,1,33.3333
1396,23266.6667,0,0.0000
1397,23283.3333,1,33.3333
1398,23300.0000,0,0.0000
1399,23316.6667,1,33.3333
1400,23333.3333,0,0.0000
1401,23350.0000,1,33.3333
1402,23366.6667,0,0.0000
1403,23383.3333,1,33.3333
1404,23400.0000,0,0.0000
1405,23416.6667,1,33.3333
1406,23433.3333,0,0.0000
1407,23450.0000,1,33.3333
1408,23466.6667,0,0.0000
1409,23483.3333,1,33.3333
1410,23500.0000,0,0.0000
1411,23516.6667,1,33.3333
1412,23533.3333,0,0.0000
1413,23550.0000,1,33.3333
1414,23566.6667,0,0.0000
1415,23583.3333,1,33.3333
1416,23600.0000,0,0.0000
1417,23616.6667,1,33.3333
1418,23633.3333,0,0.0000
1419,23650.0000,1,33.3333
1420,23666.6667,0,0.0000
1421,23683.3333,1,33.3333
1422,23700.0000,0,0.0000
1423,23716.6667,1,33.3333
1424,23733.3333,0,0.0000
1425,23750.0000,1,33.3333
1426,23766.6667,0,0.0000
1427,23783.3333,1,33.3333
1428,23800.0000,0,0.0000
1429,23816.6667,1,33.3333
1430,23833.3333,0,0.0000
1431,23850.0000,1,33.3333
1432,23866.6667,0,0.0000
1433,23883.3333,1,33.3333
1434,23900.0000,0,0.0000
1435,23916.6667,1,33.3333
1436,23933.3333,0,0.0000
1437,23950.0000,1,33.3333
1438,23966.6667,0,0.0000
1439,23983.3333,1,33.3333
1440,24000.0000,0,0.0000
1441,24016.6667,1,33.3333
1442,24033.3333,0,0.0000
1443,24050.0000,1,33.3333
1444,24066.6667,0,0.0000
1445,24083.3333,1,33.3333
1446,24100.0000,0,0.0000
1447,24116.6667,1,33.3333
1448,24133.3333,0,0.0000
1449,24150.0000,1,33.3333
1450,24166.6667,0,0.0000
1451,24183.3333,1,33.3333
1452,24200.0000,0,0.0000
1453,24216.6667,1,33.3333
1454,24233.3333,0,0.0000
1455,24250.0000,1,33.3333
1456,24266.6667,0,0.0000
1457,24283.3333,1,33.3333
1458,24300.0000,0,0.0000
1459,24316.6667,1,33.3333
1460,24333.3333,0,0.0000
1461,24350.0000,1,33.3333
1462,24366.6667,0,0.0000
1463,24383.3333,1,33.3333
1464,24400.0000,0,0.0000
1465,24416.6667,1,33.3333
1466,24433.3333,0,0.0000
1467,24450.0000,1,33.3333
1468,24466.6667,0,0.0000
1469,24483.3333,1,33.3333
1470,24500.0000,0,0.0000
1471,24516.6667,1,33.3333
1472,24533.3333,0,0.0000
1473,24550.0000,1,33.3333
1474,24566.6667,0,0.0000
1475,24583.3333,1,33.3333
1476,24600.0000,0,0.0000
1477,24616.6667,1,33.3333
1478,24633.3333,0,0.0000
1479,24650.0000,1,33.3333
1480,24666.6667,0,0.0000
1481,24683.3333,1,33.3333
1482,24700.0000,0,0.0000
1483,24716.6667,1,33.3333
1484,24733.3333,0,0.0000
1485,24750.0000,1,33.3333
1486,24766.6667,0,0.0000
1487,24783.3333,1,33.3333
1488,24800.0000,0,0.0000
1489,24816.6667,1,33.3333
1490,24833.3333,0,0.0000
1491,24850.0000,1,33.3333
1492,24866.6667,0,0.0000
1493,24883.3333,1,33.3333
1494,24900.0000,0,0.0000
1495,24916.6667,1,33.3333
1496,24933.3333,0,0.0000
1497,24950.0000,1,33.3333
1498,24966.6667,0,0.0000
1499,24983.3333,1,33.3333
1500,25000.0000,0,0.0000
1501,25016.6667,1,33.3333
1502,25033.3333,0,0.0000
1503,25050.0000,1,33.3333
1504,25066.6667,0,0.0000
1505,25083.3333,1,33.3333
1506,25100.0000,0,0.0000
1507,25116.6667,1,33.3333
1508,25133.3333,0,0.0000
1509,25150.0000,1,33.3333
1510,25166.6667,0,0.0000
1511,25183.3333,1,33.3333
1512,25200.0000,0,0.0000
1513,25216.6667,1,33.3333
1514,25233.3333,0,0.0000
1515,25250.0000,1,33.3333
1516,25266.6667,0,0.0000
1517,25283.3333,1,33.3333
1518,25300.0000,0,0.0000
1519,25316.6667,1,33.3333
1520,25333.3333,0,0.0000
1521,25350.0000,1,33.3333
1522,25366.6667,0,0.0000
1523,25383.3333,1,33.3333
1524,25400.0000,0,0.0000
1525,25416.6667,1,33.3333
1526,25433.3333,0,0.0000
1527,25450.0000,1,33.3333
1528,25466.6667,0,0.0000
1529,25483.3333,1,33.3333
1530,25500.0000,0,0.0000
1531,25516.6667,1,33.3333
1532,25533.3333,0,0.0000
1533,25550.0000,1,33.3333
1534,25566.6667,0,0.0000
1535,25583.3333,1,33.3333
1536,25600.0000,0,0.0000
1537,25616.6667,1,33.3333
1538,25633.3333,0,0.0000
1539,25650.0000,1,33.3333
1540,25666.6667,0,0.0000
1541,25683.3333,1,33.3333
1542,25700.0000,0,0.0000
1543,25716.6667,1,33.3333
1544,25733.3333,0,0.0000
1545,25750.0000,1,33.3333
1546,25766.6667,0,0.0000
1547,25783.3333,1,33.3333
1548,25800.0000,0,0.0000
1549,25816.6667,1,33.3333
1550,25833.3333,0,0.0000